[
    {
        "id": 1,
        "title": "First post",
        "content": "This is the first post.",
        "comments": [
            "This is a new comment"
        ]
    },
    {
        "id": 2,
        "title": "Second post",
        "content": "This is the second post.",
        "comments": []
    },
    {
        "id": 3,
        "title": "Third post",
        "content": "This is the 3 post.",
        "comments": [
            "hello"
        ]
    },
    {
        "id": 4,
        "title": "Forth post",
        "content": "This is the 4 post.",
        "comments": [
            "hi"
        ]
    }
]